parent_sku,sku
JO-US-AGH-1,JO-73578-458
JO-US-AGH-1,JO-73578-554
JO-US-AGH-1,JO-73577-552
JO-US-AGH-1,JO-73577-504
JO-US-AGH-1,JO-73578-500
JO-US-AGH-1,JO-73578-560
JO-US-AGH-1,JO-73577-450
JO-US-AGH-1,JO-73577-510
JO-US-AGH-1,JO-73578-459
JO-US-AGH-1,JO-73578-555
JO-US-AGH-1,JO-73577-553
JO-US-AGH-1,JO-73577-505
JO-US-AGH-1,JO-73578-501
JO-US-AGH-1,JO-73578-561
JO-US-AGH-1,JO-73577-451
JO-US-AGH-1,JO-73577-511
JO-US-AGH-1,JO-73578-460
JO-US-AGH-1,JO-73578-556
JO-US-AGH-1,JO-73577-554
JO-US-AGH-1,JO-73577-506
JO-US-AGH-1,JO-73578-502
JO-US-AGH-1,JO-73578-562
JO-US-AGH-1,JO-73577-452
JO-US-AGH-1,JO-73577-512
JO-US-AGH-1,JO-73578-461
JO-US-AGH-1,JO-73578-557
JO-US-AGH-1,JO-73577-555
JO-US-AGH-1,JO-73577-507
JO-US-AGH-1,JO-73578-503
JO-US-AGH-1,JO-73578-563
JO-US-AGH-1,JO-73577-453
JO-US-AGH-1,JO-73577-513
JO-US-AGH-1,JO-73578-462
JO-US-AGH-1,JO-73578-558
JO-US-AGH-1,JO-73577-556
JO-US-AGH-1,JO-73577-508
JO-US-AGH-1,JO-73578-504
JO-US-AGH-1,JO-73578-564
JO-US-AGH-1,JO-73577-454
JO-US-AGH-1,JO-73577-514
JO-US-AGH-1,JO-73578-463
JO-US-AGH-1,JO-73578-559
JO-US-AGH-1,JO-73577-557
JO-US-AGH-1,JO-73577-509
JO-US-AGH-1,JO-73578-505
JO-US-AGH-1,JO-73578-565
JO-US-AGH-1,JO-73577-455
JO-US-AGH-1,JO-73577-515
JO-US-AGH-1,JO-73578-452
JO-US-AGH-1,JO-73578-518
JO-US-AGH-1,JO-73577-546
JO-US-AGH-1,JO-73577-468
JO-US-AGH-1,JO-73578-494
JO-US-AGH-1,JO-73578-524
JO-US-AGH-1,JO-73577-444
JO-US-AGH-1,JO-73577-474
JO-US-AGH-1,JO-73578-453
JO-US-AGH-1,JO-73578-519
JO-US-AGH-1,JO-73577-547
JO-US-AGH-1,JO-73577-469
JO-US-AGH-1,JO-73578-495
JO-US-AGH-1,JO-73578-525
JO-US-AGH-1,JO-73577-445
JO-US-AGH-1,JO-73577-475
JO-US-AGH-1,JO-73578-454
JO-US-AGH-1,JO-73578-520
JO-US-AGH-1,JO-73577-548
JO-US-AGH-1,JO-73577-470
JO-US-AGH-1,JO-73578-496
JO-US-AGH-1,JO-73578-526
JO-US-AGH-1,JO-73577-446
JO-US-AGH-1,JO-73577-476
JO-US-AGH-1,JO-73578-455
JO-US-AGH-1,JO-73578-521
JO-US-AGH-1,JO-73577-549
JO-US-AGH-1,JO-73577-471
JO-US-AGH-1,JO-73578-497
JO-US-AGH-1,JO-73578-527
JO-US-AGH-1,JO-73577-447
JO-US-AGH-1,JO-73577-477
JO-US-AGH-1,JO-73578-456
JO-US-AGH-1,JO-73578-522
JO-US-AGH-1,JO-73577-550
JO-US-AGH-1,JO-73577-472
JO-US-AGH-1,JO-73578-498
JO-US-AGH-1,JO-73578-528
JO-US-AGH-1,JO-73577-448
JO-US-AGH-1,JO-73577-478
JO-US-AGH-1,JO-73578-457
JO-US-AGH-1,JO-73578-523
JO-US-AGH-1,JO-73577-551
JO-US-AGH-1,JO-73577-473
JO-US-AGH-1,JO-73578-499
JO-US-AGH-1,JO-73578-529
JO-US-AGH-1,JO-73577-449
JO-US-AGH-1,JO-73577-479
JO-US-AGH-1,JO-73578-530
JO-US-AGH-1,JO-73578-566
JO-US-AGH-1,JO-73577-480
JO-US-AGH-1,JO-73577-516
JO-US-AGH-1,JO-73578-536
JO-US-AGH-1,JO-73578-572
JO-US-AGH-1,JO-73577-486
JO-US-AGH-1,JO-73577-522
JO-US-AGH-1,JO-73578-531
JO-US-AGH-1,JO-73578-567
JO-US-AGH-1,JO-73577-481
JO-US-AGH-1,JO-73577-517
JO-US-AGH-1,JO-73578-537
JO-US-AGH-1,JO-73578-573
JO-US-AGH-1,JO-73577-487
JO-US-AGH-1,JO-73577-523
JO-US-AGH-1,JO-73578-532
JO-US-AGH-1,JO-73578-568
JO-US-AGH-1,JO-73577-482
JO-US-AGH-1,JO-73577-518
JO-US-AGH-1,JO-73578-538
JO-US-AGH-1,JO-73578-574
JO-US-AGH-1,JO-73577-488
JO-US-AGH-1,JO-73577-524
JO-US-AGH-1,JO-73578-533
JO-US-AGH-1,JO-73578-569
JO-US-AGH-1,JO-73577-483
JO-US-AGH-1,JO-73577-519
JO-US-AGH-1,JO-73578-539
JO-US-AGH-1,JO-73578-575
JO-US-AGH-1,JO-73577-489
JO-US-AGH-1,JO-73577-525
JO-US-AGH-1,JO-73578-534
JO-US-AGH-1,JO-73578-570
JO-US-AGH-1,JO-73577-484
JO-US-AGH-1,JO-73577-520
JO-US-AGH-1,JO-73578-540
JO-US-AGH-1,JO-73578-576
JO-US-AGH-1,JO-73577-490
JO-US-AGH-1,JO-73577-526
JO-US-AGH-1,JO-73578-535
JO-US-AGH-1,JO-73578-571
JO-US-AGH-1,JO-73577-485
JO-US-AGH-1,JO-73577-521
JO-US-AGH-1,JO-73578-541
JO-US-AGH-1,JO-73578-577
JO-US-AGH-1,JO-73577-491
JO-US-AGH-1,JO-73577-527
JO-US-AGH-1,JO-73578-434
JO-US-AGH-1,JO-73578-464
JO-US-AGH-1,JO-73577-528
JO-US-AGH-1,JO-73577-558
JO-US-AGH-1,JO-73578-476
JO-US-AGH-1,JO-73578-506
JO-US-AGH-1,JO-73577-426
JO-US-AGH-1,JO-73577-456
JO-US-AGH-1,JO-73578-435
JO-US-AGH-1,JO-73578-465
JO-US-AGH-1,JO-73577-529
JO-US-AGH-1,JO-73577-559
JO-US-AGH-1,JO-73578-477
JO-US-AGH-1,JO-73578-507
JO-US-AGH-1,JO-73577-427
JO-US-AGH-1,JO-73577-457
JO-US-AGH-1,JO-73578-436
JO-US-AGH-1,JO-73578-466
JO-US-AGH-1,JO-73577-530
JO-US-AGH-1,JO-73577-560
JO-US-AGH-1,JO-73578-478
JO-US-AGH-1,JO-73578-508
JO-US-AGH-1,JO-73577-428
JO-US-AGH-1,JO-73577-458
JO-US-AGH-1,JO-73578-437
JO-US-AGH-1,JO-73578-467
JO-US-AGH-1,JO-73577-531
JO-US-AGH-1,JO-73577-561
JO-US-AGH-1,JO-73578-479
JO-US-AGH-1,JO-73578-509
JO-US-AGH-1,JO-73577-429
JO-US-AGH-1,JO-73577-459
JO-US-AGH-1,JO-73578-438
JO-US-AGH-1,JO-73578-468
JO-US-AGH-1,JO-73577-532
JO-US-AGH-1,JO-73577-562
JO-US-AGH-1,JO-73578-480
JO-US-AGH-1,JO-73578-510
JO-US-AGH-1,JO-73577-430
JO-US-AGH-1,JO-73577-460
JO-US-AGH-1,JO-73578-439
JO-US-AGH-1,JO-73578-469
JO-US-AGH-1,JO-73577-533
JO-US-AGH-1,JO-73577-563
JO-US-AGH-1,JO-73578-481
JO-US-AGH-1,JO-73578-511
JO-US-AGH-1,JO-73577-431
JO-US-AGH-1,JO-73577-461
JO-US-AGH-1,JO-73578-440
JO-US-AGH-1,JO-73578-542
JO-US-AGH-1,JO-73577-534
JO-US-AGH-1,JO-73577-492
JO-US-AGH-1,JO-73578-482
JO-US-AGH-1,JO-73578-548
JO-US-AGH-1,JO-73577-432
JO-US-AGH-1,JO-73577-498
JO-US-AGH-1,JO-73578-441
JO-US-AGH-1,JO-73578-543
JO-US-AGH-1,JO-73577-535
JO-US-AGH-1,JO-73577-493
JO-US-AGH-1,JO-73578-483
JO-US-AGH-1,JO-73578-549
JO-US-AGH-1,JO-73577-433
JO-US-AGH-1,JO-73577-499
JO-US-AGH-1,JO-73578-442
JO-US-AGH-1,JO-73578-544
JO-US-AGH-1,JO-73577-536
JO-US-AGH-1,JO-73577-494
JO-US-AGH-1,JO-73578-484
JO-US-AGH-1,JO-73578-550
JO-US-AGH-1,JO-73577-434
JO-US-AGH-1,JO-73577-500
JO-US-AGH-1,JO-73578-443
JO-US-AGH-1,JO-73578-545
JO-US-AGH-1,JO-73577-537
JO-US-AGH-1,JO-73577-495
JO-US-AGH-1,JO-73578-485
JO-US-AGH-1,JO-73578-551
JO-US-AGH-1,JO-73577-435
JO-US-AGH-1,JO-73577-501
JO-US-AGH-1,JO-73578-444
JO-US-AGH-1,JO-73578-546
JO-US-AGH-1,JO-73577-538
JO-US-AGH-1,JO-73577-496
JO-US-AGH-1,JO-73578-486
JO-US-AGH-1,JO-73578-552
JO-US-AGH-1,JO-73577-436
JO-US-AGH-1,JO-73577-502
JO-US-AGH-1,JO-73578-445
JO-US-AGH-1,JO-73578-547
JO-US-AGH-1,JO-73577-539
JO-US-AGH-1,JO-73577-497
JO-US-AGH-1,JO-73578-487
JO-US-AGH-1,JO-73578-553
JO-US-AGH-1,JO-73577-437
JO-US-AGH-1,JO-73577-503
JO-US-AGH-1,JO-73578-446
JO-US-AGH-1,JO-73578-470
JO-US-AGH-1,JO-73577-540
JO-US-AGH-1,JO-73577-564
JO-US-AGH-1,JO-73578-488
JO-US-AGH-1,JO-73578-512
JO-US-AGH-1,JO-73577-438
JO-US-AGH-1,JO-73577-462
JO-US-AGH-1,JO-73578-447
JO-US-AGH-1,JO-73578-471
JO-US-AGH-1,JO-73577-541
JO-US-AGH-1,JO-73577-565
JO-US-AGH-1,JO-73578-489
JO-US-AGH-1,JO-73578-513
JO-US-AGH-1,JO-73577-439
JO-US-AGH-1,JO-73577-463
JO-US-AGH-1,JO-73578-448
JO-US-AGH-1,JO-73578-472
JO-US-AGH-1,JO-73577-542
JO-US-AGH-1,JO-73577-566
JO-US-AGH-1,JO-73578-490
JO-US-AGH-1,JO-73578-514
JO-US-AGH-1,JO-73577-440
JO-US-AGH-1,JO-73577-464
JO-US-AGH-1,JO-73578-449
JO-US-AGH-1,JO-73578-473
JO-US-AGH-1,JO-73577-543
JO-US-AGH-1,JO-73577-567
JO-US-AGH-1,JO-73578-491
JO-US-AGH-1,JO-73578-515
JO-US-AGH-1,JO-73577-441
JO-US-AGH-1,JO-73577-465
JO-US-AGH-1,JO-73578-450
JO-US-AGH-1,JO-73578-474
JO-US-AGH-1,JO-73577-544
JO-US-AGH-1,JO-73577-568
JO-US-AGH-1,JO-73578-492
JO-US-AGH-1,JO-73578-516
JO-US-AGH-1,JO-73577-442
JO-US-AGH-1,JO-73577-466
JO-US-AGH-1,JO-73578-451
JO-US-AGH-1,JO-73578-475
JO-US-AGH-1,JO-73577-545
JO-US-AGH-1,JO-73577-569
JO-US-AGH-1,JO-73578-493
JO-US-AGH-1,JO-73578-517
JO-US-AGH-1,JO-73577-443
JO-US-AGH-1,JO-73577-467
JO-US-AGH-1,JO-73578-66
JO-US-AGH-1,JO-73578-350
JO-US-AGH-1,JO-73577-66
JO-US-AGH-1,JO-73577-342
JO-US-AGH-1,JO-73578-164
JO-US-AGH-1,JO-73578-380
JO-US-AGH-1,JO-73577-156
JO-US-AGH-1,JO-73577-372
JO-US-AGH-1,JO-73578-67
JO-US-AGH-1,JO-73578-351
JO-US-AGH-1,JO-73577-67
JO-US-AGH-1,JO-73577-343
JO-US-AGH-1,JO-73578-165
JO-US-AGH-1,JO-73578-381
JO-US-AGH-1,JO-73577-157
JO-US-AGH-1,JO-73577-373
JO-US-AGH-1,JO-73578-68
JO-US-AGH-1,JO-73578-352
JO-US-AGH-1,JO-73577-68
JO-US-AGH-1,JO-73577-344
JO-US-AGH-1,JO-73578-166
JO-US-AGH-1,JO-73578-382
JO-US-AGH-1,JO-73577-158
JO-US-AGH-1,JO-73577-374
JO-US-AGH-1,JO-73578-69
JO-US-AGH-1,JO-73578-353
JO-US-AGH-1,JO-73577-69
JO-US-AGH-1,JO-73577-345
JO-US-AGH-1,JO-73578-167
JO-US-AGH-1,JO-73578-383
JO-US-AGH-1,JO-73577-159
JO-US-AGH-1,JO-73577-375
JO-US-AGH-1,JO-73578-70
JO-US-AGH-1,JO-73578-354
JO-US-AGH-1,JO-73577-70
JO-US-AGH-1,JO-73577-346
JO-US-AGH-1,JO-73578-168
JO-US-AGH-1,JO-73578-384
JO-US-AGH-1,JO-73577-160
JO-US-AGH-1,JO-73577-376
JO-US-AGH-1,JO-73578-71
JO-US-AGH-1,JO-73578-355
JO-US-AGH-1,JO-73577-71
JO-US-AGH-1,JO-73577-347
JO-US-AGH-1,JO-73578-169
JO-US-AGH-1,JO-73578-385
JO-US-AGH-1,JO-73577-161
JO-US-AGH-1,JO-73577-377
JO-US-AGH-1,JO-73578-54
JO-US-AGH-1,JO-73578-344
JO-US-AGH-1,JO-73577-54
JO-US-AGH-1,JO-73577-336
JO-US-AGH-1,JO-73578-152
JO-US-AGH-1,JO-73578-374
JO-US-AGH-1,JO-73577-144
JO-US-AGH-1,JO-73577-366
JO-US-AGH-1,JO-73578-55
JO-US-AGH-1,JO-73578-345
JO-US-AGH-1,JO-73577-55
JO-US-AGH-1,JO-73577-337
JO-US-AGH-1,JO-73578-153
JO-US-AGH-1,JO-73578-375
JO-US-AGH-1,JO-73577-145
JO-US-AGH-1,JO-73577-367
JO-US-AGH-1,JO-73578-56
JO-US-AGH-1,JO-73578-346
JO-US-AGH-1,JO-73577-56
JO-US-AGH-1,JO-73577-338
JO-US-AGH-1,JO-73578-154
JO-US-AGH-1,JO-73578-376
JO-US-AGH-1,JO-73577-146
JO-US-AGH-1,JO-73577-368
JO-US-AGH-1,JO-73578-57
JO-US-AGH-1,JO-73578-347
JO-US-AGH-1,JO-73577-57
JO-US-AGH-1,JO-73577-339
JO-US-AGH-1,JO-73578-155
JO-US-AGH-1,JO-73578-377
JO-US-AGH-1,JO-73577-147
JO-US-AGH-1,JO-73577-369
JO-US-AGH-1,JO-73578-58
JO-US-AGH-1,JO-73578-348
JO-US-AGH-1,JO-73577-58
JO-US-AGH-1,JO-73577-340
JO-US-AGH-1,JO-73578-156
JO-US-AGH-1,JO-73578-378
JO-US-AGH-1,JO-73577-148
JO-US-AGH-1,JO-73577-370
JO-US-AGH-1,JO-73578-59
JO-US-AGH-1,JO-73578-349
JO-US-AGH-1,JO-73577-59
JO-US-AGH-1,JO-73577-341
JO-US-AGH-1,JO-73578-157
JO-US-AGH-1,JO-73578-379
JO-US-AGH-1,JO-73577-149
JO-US-AGH-1,JO-73577-371
JO-US-AGH-1,JO-73578-308
JO-US-AGH-1,JO-73578-386
JO-US-AGH-1,JO-73577-300
JO-US-AGH-1,JO-73577-378
JO-US-AGH-1,JO-73578-320
JO-US-AGH-1,JO-73578-392
JO-US-AGH-1,JO-73577-312
JO-US-AGH-1,JO-73577-384
JO-US-AGH-1,JO-73578-309
JO-US-AGH-1,JO-73578-387
JO-US-AGH-1,JO-73577-301
JO-US-AGH-1,JO-73577-379
JO-US-AGH-1,JO-73578-321
JO-US-AGH-1,JO-73578-393
JO-US-AGH-1,JO-73577-313
JO-US-AGH-1,JO-73577-385
JO-US-AGH-1,JO-73578-310
JO-US-AGH-1,JO-73578-388
JO-US-AGH-1,JO-73577-302
JO-US-AGH-1,JO-73577-380
JO-US-AGH-1,JO-73578-322
JO-US-AGH-1,JO-73578-394
JO-US-AGH-1,JO-73577-314
JO-US-AGH-1,JO-73577-386
JO-US-AGH-1,JO-73578-311
JO-US-AGH-1,JO-73578-389
JO-US-AGH-1,JO-73577-303
JO-US-AGH-1,JO-73577-381
JO-US-AGH-1,JO-73578-323
JO-US-AGH-1,JO-73578-395
JO-US-AGH-1,JO-73577-315
JO-US-AGH-1,JO-73577-387
JO-US-AGH-1,JO-73578-312
JO-US-AGH-1,JO-73578-390
JO-US-AGH-1,JO-73577-304
JO-US-AGH-1,JO-73577-382
JO-US-AGH-1,JO-73578-324
JO-US-AGH-1,JO-73578-396
JO-US-AGH-1,JO-73577-316
JO-US-AGH-1,JO-73577-388
JO-US-AGH-1,JO-73578-313
JO-US-AGH-1,JO-73578-391
JO-US-AGH-1,JO-73577-305
JO-US-AGH-1,JO-73577-383
JO-US-AGH-1,JO-73578-325
JO-US-AGH-1,JO-73578-397
JO-US-AGH-1,JO-73577-317
JO-US-AGH-1,JO-73577-389
JO-US-AGH-1,JO-73578-06
JO-US-AGH-1,JO-73578-326
JO-US-AGH-1,JO-73577-06
JO-US-AGH-1,JO-73577-318
JO-US-AGH-1,JO-73578-104
JO-US-AGH-1,JO-73578-356
JO-US-AGH-1,JO-73577-96
JO-US-AGH-1,JO-73577-348
JO-US-AGH-1,JO-73578-07
JO-US-AGH-1,JO-73578-327
JO-US-AGH-1,JO-73577-07
JO-US-AGH-1,JO-73577-319
JO-US-AGH-1,JO-73578-105
JO-US-AGH-1,JO-73578-357
JO-US-AGH-1,JO-73577-97
JO-US-AGH-1,JO-73577-349
JO-US-AGH-1,JO-73578-08
JO-US-AGH-1,JO-73578-328
JO-US-AGH-1,JO-73577-08
JO-US-AGH-1,JO-73577-320
JO-US-AGH-1,JO-73578-106
JO-US-AGH-1,JO-73578-358
JO-US-AGH-1,JO-73577-98
JO-US-AGH-1,JO-73577-350
JO-US-AGH-1,JO-73578-09
JO-US-AGH-1,JO-73578-329
JO-US-AGH-1,JO-73577-09
JO-US-AGH-1,JO-73577-321
JO-US-AGH-1,JO-73578-107
JO-US-AGH-1,JO-73578-359
JO-US-AGH-1,JO-73577-99
JO-US-AGH-1,JO-73577-351
JO-US-AGH-1,JO-73578-10
JO-US-AGH-1,JO-73578-330
JO-US-AGH-1,JO-73577-10
JO-US-AGH-1,JO-73577-322
JO-US-AGH-1,JO-73578-108
JO-US-AGH-1,JO-73578-360
JO-US-AGH-1,JO-73577-100
JO-US-AGH-1,JO-73577-352
JO-US-AGH-1,JO-73578-11
JO-US-AGH-1,JO-73578-331
JO-US-AGH-1,JO-73577-11
JO-US-AGH-1,JO-73577-323
JO-US-AGH-1,JO-73578-109
JO-US-AGH-1,JO-73578-361
JO-US-AGH-1,JO-73577-101
JO-US-AGH-1,JO-73577-353
JO-US-AGH-1,JO-73578-30
JO-US-AGH-1,JO-73578-332
JO-US-AGH-1,JO-73577-30
JO-US-AGH-1,JO-73577-324
JO-US-AGH-1,JO-73578-128
JO-US-AGH-1,JO-73578-362
JO-US-AGH-1,JO-73577-120
JO-US-AGH-1,JO-73577-354
JO-US-AGH-1,JO-73578-31
JO-US-AGH-1,JO-73578-333
JO-US-AGH-1,JO-73577-31
JO-US-AGH-1,JO-73577-325
JO-US-AGH-1,JO-73578-129
JO-US-AGH-1,JO-73578-363
JO-US-AGH-1,JO-73577-121
JO-US-AGH-1,JO-73577-355
JO-US-AGH-1,JO-73578-32
JO-US-AGH-1,JO-73578-334
JO-US-AGH-1,JO-73577-32
JO-US-AGH-1,JO-73577-326
JO-US-AGH-1,JO-73578-130
JO-US-AGH-1,JO-73578-364
JO-US-AGH-1,JO-73577-122
JO-US-AGH-1,JO-73577-356
JO-US-AGH-1,JO-73578-33
JO-US-AGH-1,JO-73578-335
JO-US-AGH-1,JO-73577-33
JO-US-AGH-1,JO-73577-327
JO-US-AGH-1,JO-73578-131
JO-US-AGH-1,JO-73578-365
JO-US-AGH-1,JO-73577-123
JO-US-AGH-1,JO-73577-357
JO-US-AGH-1,JO-73578-34
JO-US-AGH-1,JO-73578-336
JO-US-AGH-1,JO-73577-34
JO-US-AGH-1,JO-73577-328
JO-US-AGH-1,JO-73578-132
JO-US-AGH-1,JO-73578-366
JO-US-AGH-1,JO-73577-124
JO-US-AGH-1,JO-73577-358
JO-US-AGH-1,JO-73578-35
JO-US-AGH-1,JO-73578-337
JO-US-AGH-1,JO-73577-35
JO-US-AGH-1,JO-73577-329
JO-US-AGH-1,JO-73578-133
JO-US-AGH-1,JO-73578-367
JO-US-AGH-1,JO-73577-125
JO-US-AGH-1,JO-73577-359
JO-US-AGH-1,JO-73578-42
JO-US-AGH-1,JO-73578-338
JO-US-AGH-1,JO-73577-42
JO-US-AGH-1,JO-73577-330
JO-US-AGH-1,JO-73578-140
JO-US-AGH-1,JO-73578-368
JO-US-AGH-1,JO-73577-132
JO-US-AGH-1,JO-73577-360
JO-US-AGH-1,JO-73578-43
JO-US-AGH-1,JO-73578-339
JO-US-AGH-1,JO-73577-43
JO-US-AGH-1,JO-73577-331
JO-US-AGH-1,JO-73578-141
JO-US-AGH-1,JO-73578-369
JO-US-AGH-1,JO-73577-133
JO-US-AGH-1,JO-73577-361
JO-US-AGH-1,JO-73578-44
JO-US-AGH-1,JO-73578-340
JO-US-AGH-1,JO-73577-44
JO-US-AGH-1,JO-73577-332
JO-US-AGH-1,JO-73578-142
JO-US-AGH-1,JO-73578-370
JO-US-AGH-1,JO-73577-134
JO-US-AGH-1,JO-73577-362
JO-US-AGH-1,JO-73578-45
JO-US-AGH-1,JO-73578-341
JO-US-AGH-1,JO-73577-45
JO-US-AGH-1,JO-73577-333
JO-US-AGH-1,JO-73578-143
JO-US-AGH-1,JO-73578-371
JO-US-AGH-1,JO-73577-135
JO-US-AGH-1,JO-73577-363
JO-US-AGH-1,JO-73578-46
JO-US-AGH-1,JO-73578-342
JO-US-AGH-1,JO-73577-46
JO-US-AGH-1,JO-73577-334
JO-US-AGH-1,JO-73578-144
JO-US-AGH-1,JO-73578-372
JO-US-AGH-1,JO-73577-136
JO-US-AGH-1,JO-73577-364
JO-US-AGH-1,JO-73578-47
JO-US-AGH-1,JO-73578-343
JO-US-AGH-1,JO-73577-47
JO-US-AGH-1,JO-73577-335
JO-US-AGH-1,JO-73578-145
JO-US-AGH-1,JO-73578-373
JO-US-AGH-1,JO-73577-137
JO-US-AGH-1,JO-73577-365
JO-US-AGH-1,JO-73578-602
JO-US-AGH-1,JO-73578-698
JO-US-AGH-1,JO-73577-594
JO-US-AGH-1,JO-73577-690
JO-US-AGH-1,JO-73578-644
JO-US-AGH-1,JO-73578-704
JO-US-AGH-1,JO-73577-636
JO-US-AGH-1,JO-73577-696
JO-US-AGH-1,JO-73578-603
JO-US-AGH-1,JO-73578-699
JO-US-AGH-1,JO-73577-595
JO-US-AGH-1,JO-73577-691
JO-US-AGH-1,JO-73578-645
JO-US-AGH-1,JO-73578-705
JO-US-AGH-1,JO-73577-637
JO-US-AGH-1,JO-73577-697
JO-US-AGH-1,JO-73578-604
JO-US-AGH-1,JO-73578-700
JO-US-AGH-1,JO-73577-596
JO-US-AGH-1,JO-73577-692
JO-US-AGH-1,JO-73578-646
JO-US-AGH-1,JO-73578-706
JO-US-AGH-1,JO-73577-638
JO-US-AGH-1,JO-73577-698
JO-US-AGH-1,JO-73578-605
JO-US-AGH-1,JO-73578-701
JO-US-AGH-1,JO-73577-597
JO-US-AGH-1,JO-73577-693
JO-US-AGH-1,JO-73578-647
JO-US-AGH-1,JO-73578-707
JO-US-AGH-1,JO-73577-639
JO-US-AGH-1,JO-73577-699
JO-US-AGH-1,JO-73578-606
JO-US-AGH-1,JO-73578-702
JO-US-AGH-1,JO-73577-598
JO-US-AGH-1,JO-73577-694
JO-US-AGH-1,JO-73578-648
JO-US-AGH-1,JO-73578-708
JO-US-AGH-1,JO-73577-640
JO-US-AGH-1,JO-73577-700
JO-US-AGH-1,JO-73578-607
JO-US-AGH-1,JO-73578-703
JO-US-AGH-1,JO-73577-599
JO-US-AGH-1,JO-73577-695
JO-US-AGH-1,JO-73578-649
JO-US-AGH-1,JO-73578-709
JO-US-AGH-1,JO-73577-641
JO-US-AGH-1,JO-73577-701
JO-US-AGH-1,JO-73578-596
JO-US-AGH-1,JO-73578-662
JO-US-AGH-1,JO-73577-588
JO-US-AGH-1,JO-73577-654
JO-US-AGH-1,JO-73578-638
JO-US-AGH-1,JO-73578-668
JO-US-AGH-1,JO-73577-630
JO-US-AGH-1,JO-73577-660
JO-US-AGH-1,JO-73578-597
JO-US-AGH-1,JO-73578-663
JO-US-AGH-1,JO-73577-589
JO-US-AGH-1,JO-73577-655
JO-US-AGH-1,JO-73578-639
JO-US-AGH-1,JO-73578-669
JO-US-AGH-1,JO-73577-631
JO-US-AGH-1,JO-73577-661
JO-US-AGH-1,JO-73578-598
JO-US-AGH-1,JO-73578-664
JO-US-AGH-1,JO-73577-590
JO-US-AGH-1,JO-73577-656
JO-US-AGH-1,JO-73578-640
JO-US-AGH-1,JO-73578-670
JO-US-AGH-1,JO-73577-632
JO-US-AGH-1,JO-73577-662
JO-US-AGH-1,JO-73578-599
JO-US-AGH-1,JO-73578-665
JO-US-AGH-1,JO-73577-591
JO-US-AGH-1,JO-73577-657
JO-US-AGH-1,JO-73578-641
JO-US-AGH-1,JO-73578-671
JO-US-AGH-1,JO-73577-633
JO-US-AGH-1,JO-73577-663
JO-US-AGH-1,JO-73578-600
JO-US-AGH-1,JO-73578-666
JO-US-AGH-1,JO-73577-592
JO-US-AGH-1,JO-73577-658
JO-US-AGH-1,JO-73578-642
JO-US-AGH-1,JO-73578-672
JO-US-AGH-1,JO-73577-634
JO-US-AGH-1,JO-73577-664
JO-US-AGH-1,JO-73578-601
JO-US-AGH-1,JO-73578-667
JO-US-AGH-1,JO-73577-593
JO-US-AGH-1,JO-73577-659
JO-US-AGH-1,JO-73578-643
JO-US-AGH-1,JO-73578-673
JO-US-AGH-1,JO-73577-635
JO-US-AGH-1,JO-73577-665
JO-US-AGH-1,JO-73578-674
JO-US-AGH-1,JO-73578-710
JO-US-AGH-1,JO-73577-666
JO-US-AGH-1,JO-73577-702
JO-US-AGH-1,JO-73578-680
JO-US-AGH-1,JO-73578-716
JO-US-AGH-1,JO-73577-672
JO-US-AGH-1,JO-73577-708
JO-US-AGH-1,JO-73578-675
JO-US-AGH-1,JO-73578-711
JO-US-AGH-1,JO-73577-667
JO-US-AGH-1,JO-73577-703
JO-US-AGH-1,JO-73578-681
JO-US-AGH-1,JO-73578-717
JO-US-AGH-1,JO-73577-673
JO-US-AGH-1,JO-73577-709
JO-US-AGH-1,JO-73578-676
JO-US-AGH-1,JO-73578-712
JO-US-AGH-1,JO-73577-668
JO-US-AGH-1,JO-73577-704
JO-US-AGH-1,JO-73578-682
JO-US-AGH-1,JO-73578-718
JO-US-AGH-1,JO-73577-674
JO-US-AGH-1,JO-73577-710
JO-US-AGH-1,JO-73578-677
JO-US-AGH-1,JO-73578-713
JO-US-AGH-1,JO-73577-669
JO-US-AGH-1,JO-73577-705
JO-US-AGH-1,JO-73578-683
JO-US-AGH-1,JO-73578-719
JO-US-AGH-1,JO-73577-675
JO-US-AGH-1,JO-73577-711
JO-US-AGH-1,JO-73578-678
JO-US-AGH-1,JO-73578-714
JO-US-AGH-1,JO-73577-670
JO-US-AGH-1,JO-73577-706
JO-US-AGH-1,JO-73578-684
JO-US-AGH-1,JO-73578-720
JO-US-AGH-1,JO-73577-676
JO-US-AGH-1,JO-73577-712
JO-US-AGH-1,JO-73578-679
JO-US-AGH-1,JO-73578-715
JO-US-AGH-1,JO-73577-671
JO-US-AGH-1,JO-73577-707
JO-US-AGH-1,JO-73578-685
JO-US-AGH-1,JO-73578-721
JO-US-AGH-1,JO-73577-677
JO-US-AGH-1,JO-73577-713
JO-US-AGH-1,JO-73578-578
JO-US-AGH-1,JO-73578-608
JO-US-AGH-1,JO-73577-570
JO-US-AGH-1,JO-73577-600
JO-US-AGH-1,JO-73578-620
JO-US-AGH-1,JO-73578-650
JO-US-AGH-1,JO-73577-612
JO-US-AGH-1,JO-73577-642
JO-US-AGH-1,JO-73578-579
JO-US-AGH-1,JO-73578-609
JO-US-AGH-1,JO-73577-571
JO-US-AGH-1,JO-73577-601
JO-US-AGH-1,JO-73578-621
JO-US-AGH-1,JO-73578-651
JO-US-AGH-1,JO-73577-613
JO-US-AGH-1,JO-73577-643
JO-US-AGH-1,JO-73578-580
JO-US-AGH-1,JO-73578-610
JO-US-AGH-1,JO-73577-572
JO-US-AGH-1,JO-73577-602
JO-US-AGH-1,JO-73578-622
JO-US-AGH-1,JO-73578-652
JO-US-AGH-1,JO-73577-614
JO-US-AGH-1,JO-73577-644
JO-US-AGH-1,JO-73578-581
JO-US-AGH-1,JO-73578-611
JO-US-AGH-1,JO-73577-573
JO-US-AGH-1,JO-73577-603
JO-US-AGH-1,JO-73578-623
JO-US-AGH-1,JO-73578-653
JO-US-AGH-1,JO-73577-615
JO-US-AGH-1,JO-73577-645
JO-US-AGH-1,JO-73578-582
JO-US-AGH-1,JO-73578-612
JO-US-AGH-1,JO-73577-574
JO-US-AGH-1,JO-73577-604
JO-US-AGH-1,JO-73578-624
JO-US-AGH-1,JO-73578-654
JO-US-AGH-1,JO-73577-616
JO-US-AGH-1,JO-73577-646
JO-US-AGH-1,JO-73578-583
JO-US-AGH-1,JO-73578-613
JO-US-AGH-1,JO-73577-575
JO-US-AGH-1,JO-73577-605
JO-US-AGH-1,JO-73578-625
JO-US-AGH-1,JO-73578-655
JO-US-AGH-1,JO-73577-617
JO-US-AGH-1,JO-73577-647
JO-US-AGH-1,JO-73578-584
JO-US-AGH-1,JO-73578-686
JO-US-AGH-1,JO-73577-576
JO-US-AGH-1,JO-73577-678
JO-US-AGH-1,JO-73578-626
JO-US-AGH-1,JO-73578-692
JO-US-AGH-1,JO-73577-618
JO-US-AGH-1,JO-73577-684
JO-US-AGH-1,JO-73578-585
JO-US-AGH-1,JO-73578-687
JO-US-AGH-1,JO-73577-577
JO-US-AGH-1,JO-73577-679
JO-US-AGH-1,JO-73578-627
JO-US-AGH-1,JO-73578-693
JO-US-AGH-1,JO-73577-619
JO-US-AGH-1,JO-73577-685
JO-US-AGH-1,JO-73578-586
JO-US-AGH-1,JO-73578-688
JO-US-AGH-1,JO-73577-578
JO-US-AGH-1,JO-73577-680
JO-US-AGH-1,JO-73578-628
JO-US-AGH-1,JO-73578-694
JO-US-AGH-1,JO-73577-620
JO-US-AGH-1,JO-73577-686
JO-US-AGH-1,JO-73578-587
JO-US-AGH-1,JO-73578-689
JO-US-AGH-1,JO-73577-579
JO-US-AGH-1,JO-73577-681
JO-US-AGH-1,JO-73578-629
JO-US-AGH-1,JO-73578-695
JO-US-AGH-1,JO-73577-621
JO-US-AGH-1,JO-73577-687
JO-US-AGH-1,JO-73578-588
JO-US-AGH-1,JO-73578-690
JO-US-AGH-1,JO-73577-580
JO-US-AGH-1,JO-73577-682
JO-US-AGH-1,JO-73578-630
JO-US-AGH-1,JO-73578-696
JO-US-AGH-1,JO-73577-622
JO-US-AGH-1,JO-73577-688
JO-US-AGH-1,JO-73578-589
JO-US-AGH-1,JO-73578-691
JO-US-AGH-1,JO-73577-581
JO-US-AGH-1,JO-73577-683
JO-US-AGH-1,JO-73578-631
JO-US-AGH-1,JO-73578-697
JO-US-AGH-1,JO-73577-623
JO-US-AGH-1,JO-73577-689
JO-US-AGH-1,JO-73578-590
JO-US-AGH-1,JO-73578-614
JO-US-AGH-1,JO-73577-582
JO-US-AGH-1,JO-73577-606
JO-US-AGH-1,JO-73578-632
JO-US-AGH-1,JO-73578-656
JO-US-AGH-1,JO-73577-624
JO-US-AGH-1,JO-73577-648
JO-US-AGH-1,JO-73578-591
JO-US-AGH-1,JO-73578-615
JO-US-AGH-1,JO-73577-583
JO-US-AGH-1,JO-73577-607
JO-US-AGH-1,JO-73578-633
JO-US-AGH-1,JO-73578-657
JO-US-AGH-1,JO-73577-625
JO-US-AGH-1,JO-73577-649
JO-US-AGH-1,JO-73578-592
JO-US-AGH-1,JO-73578-616
JO-US-AGH-1,JO-73577-584
JO-US-AGH-1,JO-73577-608
JO-US-AGH-1,JO-73578-634
JO-US-AGH-1,JO-73578-658
JO-US-AGH-1,JO-73577-626
JO-US-AGH-1,JO-73577-650
JO-US-AGH-1,JO-73578-593
JO-US-AGH-1,JO-73578-617
JO-US-AGH-1,JO-73577-585
JO-US-AGH-1,JO-73577-609
JO-US-AGH-1,JO-73578-635
JO-US-AGH-1,JO-73578-659
JO-US-AGH-1,JO-73577-627
JO-US-AGH-1,JO-73577-651
JO-US-AGH-1,JO-73578-594
JO-US-AGH-1,JO-73578-618
JO-US-AGH-1,JO-73577-586
JO-US-AGH-1,JO-73577-610
JO-US-AGH-1,JO-73578-636
JO-US-AGH-1,JO-73578-660
JO-US-AGH-1,JO-73577-628
JO-US-AGH-1,JO-73577-652
JO-US-AGH-1,JO-73578-595
JO-US-AGH-1,JO-73578-619
JO-US-AGH-1,JO-73577-587
JO-US-AGH-1,JO-73577-611
JO-US-AGH-1,JO-73578-637
JO-US-AGH-1,JO-73578-661
JO-US-AGH-1,JO-73577-629
JO-US-AGH-1,JO-73577-653
JO-US-AGH-1,JO-73578-1514
JO-US-AGH-1,JO-73578-1526
JO-US-AGH-1,JO-73577-1506
JO-US-AGH-1,JO-73577-1518
JO-US-AGH-1,JO-73578-1520
JO-US-AGH-1,JO-73578-1532
JO-US-AGH-1,JO-73577-1512
JO-US-AGH-1,JO-73577-1524
JO-US-AGH-1,JO-73578-1515
JO-US-AGH-1,JO-73578-1527
JO-US-AGH-1,JO-73577-1507
JO-US-AGH-1,JO-73577-1519
JO-US-AGH-1,JO-73578-1521
JO-US-AGH-1,JO-73578-1533
JO-US-AGH-1,JO-73577-1513
JO-US-AGH-1,JO-73577-1525
JO-US-AGH-1,JO-73578-1516
JO-US-AGH-1,JO-73578-1528
JO-US-AGH-1,JO-73577-1508
JO-US-AGH-1,JO-73577-1520
JO-US-AGH-1,JO-73578-1522
JO-US-AGH-1,JO-73578-1534
JO-US-AGH-1,JO-73577-1514
JO-US-AGH-1,JO-73577-1526
JO-US-AGH-1,JO-73578-1517
JO-US-AGH-1,JO-73578-1529
JO-US-AGH-1,JO-73577-1509
JO-US-AGH-1,JO-73577-1521
JO-US-AGH-1,JO-73578-1523
JO-US-AGH-1,JO-73578-1535
JO-US-AGH-1,JO-73577-1515
JO-US-AGH-1,JO-73577-1527
JO-US-AGH-1,JO-73578-1518
JO-US-AGH-1,JO-73578-1530
JO-US-AGH-1,JO-73577-1510
JO-US-AGH-1,JO-73577-1522
JO-US-AGH-1,JO-73578-1524
JO-US-AGH-1,JO-73578-1536
JO-US-AGH-1,JO-73577-1516
JO-US-AGH-1,JO-73577-1528
JO-US-AGH-1,JO-73578-1519
JO-US-AGH-1,JO-73578-1531
JO-US-AGH-1,JO-73577-1511
JO-US-AGH-1,JO-73577-1523
JO-US-AGH-1,JO-73578-1525
JO-US-AGH-1,JO-73578-1537
JO-US-AGH-1,JO-73577-1517
JO-US-AGH-1,JO-73577-1529
JO-US-AGH-1,JO-73578-1430
JO-US-AGH-1,JO-73578-1442
JO-US-AGH-1,JO-73577-1422
JO-US-AGH-1,JO-73577-1434
JO-US-AGH-1,JO-73578-1436
JO-US-AGH-1,JO-73578-1448
JO-US-AGH-1,JO-73577-1428
JO-US-AGH-1,JO-73577-1440
JO-US-AGH-1,JO-73578-1431
JO-US-AGH-1,JO-73578-1443
JO-US-AGH-1,JO-73577-1423
JO-US-AGH-1,JO-73577-1435
JO-US-AGH-1,JO-73578-1437
JO-US-AGH-1,JO-73578-1449
JO-US-AGH-1,JO-73577-1429
JO-US-AGH-1,JO-73577-1441
JO-US-AGH-1,JO-73578-1432
JO-US-AGH-1,JO-73578-1444
JO-US-AGH-1,JO-73577-1424
JO-US-AGH-1,JO-73577-1436
JO-US-AGH-1,JO-73578-1438
JO-US-AGH-1,JO-73578-1450
JO-US-AGH-1,JO-73577-1430
JO-US-AGH-1,JO-73577-1442
JO-US-AGH-1,JO-73578-1433
JO-US-AGH-1,JO-73578-1445
JO-US-AGH-1,JO-73577-1425
JO-US-AGH-1,JO-73577-1437
JO-US-AGH-1,JO-73578-1439
JO-US-AGH-1,JO-73578-1451
JO-US-AGH-1,JO-73577-1431
JO-US-AGH-1,JO-73577-1443
JO-US-AGH-1,JO-73578-1434
JO-US-AGH-1,JO-73578-1446
JO-US-AGH-1,JO-73577-1426
JO-US-AGH-1,JO-73577-1438
JO-US-AGH-1,JO-73578-1440
JO-US-AGH-1,JO-73578-1452
JO-US-AGH-1,JO-73577-1432
JO-US-AGH-1,JO-73577-1444
JO-US-AGH-1,JO-73578-1435
JO-US-AGH-1,JO-73578-1447
JO-US-AGH-1,JO-73577-1427
JO-US-AGH-1,JO-73577-1439
JO-US-AGH-1,JO-73578-1441
JO-US-AGH-1,JO-73578-1453
JO-US-AGH-1,JO-73577-1433
JO-US-AGH-1,JO-73577-1445
JO-US-AGH-2,JO-73586-252
JO-US-AGH-2,JO-73586-553
JO-US-AGH-2,JO-73585-244
JO-US-AGH-2,JO-73585-545
JO-US-AGH-2,JO-73586-300
JO-US-AGH-2,JO-73586-559
JO-US-AGH-2,JO-73585-292
JO-US-AGH-2,JO-73585-551
JO-US-AGH-2,JO-73586-253
JO-US-AGH-2,JO-73586-554
JO-US-AGH-2,JO-73585-245
JO-US-AGH-2,JO-73585-546
JO-US-AGH-2,JO-73586-301
JO-US-AGH-2,JO-73586-560
JO-US-AGH-2,JO-73585-293
JO-US-AGH-2,JO-73585-552
JO-US-AGH-2,JO-73586-254
JO-US-AGH-2,JO-73586-555
JO-US-AGH-2,JO-73585-246
JO-US-AGH-2,JO-73585-547
JO-US-AGH-2,JO-73586-302
JO-US-AGH-2,JO-73586-561
JO-US-AGH-2,JO-73585-294
JO-US-AGH-2,JO-73585-553
JO-US-AGH-2,JO-73586-255
JO-US-AGH-2,JO-73586-556
JO-US-AGH-2,JO-73585-247
JO-US-AGH-2,JO-73585-548
JO-US-AGH-2,JO-73586-303
JO-US-AGH-2,JO-73586-562
JO-US-AGH-2,JO-73585-295
JO-US-AGH-2,JO-73585-554
JO-US-AGH-2,JO-73586-256
JO-US-AGH-2,JO-73586-557
JO-US-AGH-2,JO-73585-248
JO-US-AGH-2,JO-73585-549
JO-US-AGH-2,JO-73586-304
JO-US-AGH-2,JO-73586-563
JO-US-AGH-2,JO-73585-296
JO-US-AGH-2,JO-73585-555
JO-US-AGH-2,JO-73586-257
JO-US-AGH-2,JO-73586-558
JO-US-AGH-2,JO-73585-249
JO-US-AGH-2,JO-73585-550
JO-US-AGH-2,JO-73586-305
JO-US-AGH-2,JO-73586-564
JO-US-AGH-2,JO-73585-297
JO-US-AGH-2,JO-73585-556
JO-US-AGH-2,JO-73586-246
JO-US-AGH-2,JO-73586-326
JO-US-AGH-2,JO-73585-238
JO-US-AGH-2,JO-73585-318
JO-US-AGH-2,JO-73586-294
JO-US-AGH-2,JO-73586-332
JO-US-AGH-2,JO-73585-286
JO-US-AGH-2,JO-73585-324
JO-US-AGH-2,JO-73586-247
JO-US-AGH-2,JO-73586-327
JO-US-AGH-2,JO-73585-239
JO-US-AGH-2,JO-73585-319
JO-US-AGH-2,JO-73586-295
JO-US-AGH-2,JO-73586-333
JO-US-AGH-2,JO-73585-287
JO-US-AGH-2,JO-73585-325
JO-US-AGH-2,JO-73586-248
JO-US-AGH-2,JO-73586-328
JO-US-AGH-2,JO-73585-240
JO-US-AGH-2,JO-73585-320
JO-US-AGH-2,JO-73586-296
JO-US-AGH-2,JO-73586-334
JO-US-AGH-2,JO-73585-288
JO-US-AGH-2,JO-73585-326
JO-US-AGH-2,JO-73586-249
JO-US-AGH-2,JO-73586-329
JO-US-AGH-2,JO-73585-241
JO-US-AGH-2,JO-73585-321
JO-US-AGH-2,JO-73586-297
JO-US-AGH-2,JO-73586-335
JO-US-AGH-2,JO-73585-289
JO-US-AGH-2,JO-73585-327
JO-US-AGH-2,JO-73586-250
JO-US-AGH-2,JO-73586-330
JO-US-AGH-2,JO-73585-242
JO-US-AGH-2,JO-73585-322
JO-US-AGH-2,JO-73586-298
JO-US-AGH-2,JO-73586-336
JO-US-AGH-2,JO-73585-290
JO-US-AGH-2,JO-73585-328
JO-US-AGH-2,JO-73586-251
JO-US-AGH-2,JO-73586-331
JO-US-AGH-2,JO-73585-243
JO-US-AGH-2,JO-73585-323
JO-US-AGH-2,JO-73586-299
JO-US-AGH-2,JO-73586-337
JO-US-AGH-2,JO-73585-291
JO-US-AGH-2,JO-73585-329
JO-US-AGH-2,JO-73586-481
JO-US-AGH-2,JO-73586-589
JO-US-AGH-2,JO-73585-473
JO-US-AGH-2,JO-73585-581
JO-US-AGH-2,JO-73586-487
JO-US-AGH-2,JO-73586-595
JO-US-AGH-2,JO-73585-479
JO-US-AGH-2,JO-73585-587
JO-US-AGH-2,JO-73586-482
JO-US-AGH-2,JO-73586-590
JO-US-AGH-2,JO-73585-474
JO-US-AGH-2,JO-73585-582
JO-US-AGH-2,JO-73586-488
JO-US-AGH-2,JO-73586-596
JO-US-AGH-2,JO-73585-480
JO-US-AGH-2,JO-73585-588
JO-US-AGH-2,JO-73586-483
JO-US-AGH-2,JO-73586-591
JO-US-AGH-2,JO-73585-475
JO-US-AGH-2,JO-73585-583
JO-US-AGH-2,JO-73586-489
JO-US-AGH-2,JO-73586-597
JO-US-AGH-2,JO-73585-481
JO-US-AGH-2,JO-73585-589
JO-US-AGH-2,JO-73586-484
JO-US-AGH-2,JO-73586-592
JO-US-AGH-2,JO-73585-476
JO-US-AGH-2,JO-73585-584
JO-US-AGH-2,JO-73586-490
JO-US-AGH-2,JO-73586-598
JO-US-AGH-2,JO-73585-482
JO-US-AGH-2,JO-73585-590
JO-US-AGH-2,JO-73586-485
JO-US-AGH-2,JO-73586-593
JO-US-AGH-2,JO-73585-477
JO-US-AGH-2,JO-73585-585
JO-US-AGH-2,JO-73586-491
JO-US-AGH-2,JO-73586-599
JO-US-AGH-2,JO-73585-483
JO-US-AGH-2,JO-73585-591
JO-US-AGH-2,JO-73586-486
JO-US-AGH-2,JO-73586-594
JO-US-AGH-2,JO-73585-478
JO-US-AGH-2,JO-73585-586
JO-US-AGH-2,JO-73586-492
JO-US-AGH-2,JO-73586-600
JO-US-AGH-2,JO-73585-484
JO-US-AGH-2,JO-73585-592
JO-US-AGH-2,JO-73586-222
JO-US-AGH-2,JO-73586-210
JO-US-AGH-2,JO-73585-214
JO-US-AGH-2,JO-73585-202
JO-US-AGH-2,JO-73586-270
JO-US-AGH-2,JO-73586-258
JO-US-AGH-2,JO-73585-262
JO-US-AGH-2,JO-73585-250
JO-US-AGH-2,JO-73586-223
JO-US-AGH-2,JO-73586-211
JO-US-AGH-2,JO-73585-215
JO-US-AGH-2,JO-73585-203
JO-US-AGH-2,JO-73586-271
JO-US-AGH-2,JO-73586-259
JO-US-AGH-2,JO-73585-263
JO-US-AGH-2,JO-73585-251
JO-US-AGH-2,JO-73586-224
JO-US-AGH-2,JO-73586-212
JO-US-AGH-2,JO-73585-216
JO-US-AGH-2,JO-73585-204
JO-US-AGH-2,JO-73586-272
JO-US-AGH-2,JO-73586-260
JO-US-AGH-2,JO-73585-264
JO-US-AGH-2,JO-73585-252
JO-US-AGH-2,JO-73586-225
JO-US-AGH-2,JO-73586-213
JO-US-AGH-2,JO-73585-217
JO-US-AGH-2,JO-73585-205
JO-US-AGH-2,JO-73586-273
JO-US-AGH-2,JO-73586-261
JO-US-AGH-2,JO-73585-265
JO-US-AGH-2,JO-73585-253
JO-US-AGH-2,JO-73586-226
JO-US-AGH-2,JO-73586-214
JO-US-AGH-2,JO-73585-218
JO-US-AGH-2,JO-73585-206
JO-US-AGH-2,JO-73586-274
JO-US-AGH-2,JO-73586-262
JO-US-AGH-2,JO-73585-266
JO-US-AGH-2,JO-73585-254
JO-US-AGH-2,JO-73586-227
JO-US-AGH-2,JO-73586-215
JO-US-AGH-2,JO-73585-219
JO-US-AGH-2,JO-73585-207
JO-US-AGH-2,JO-73586-275
JO-US-AGH-2,JO-73586-263
JO-US-AGH-2,JO-73585-267
JO-US-AGH-2,JO-73585-255
JO-US-AGH-2,JO-73586-234
JO-US-AGH-2,JO-73586-517
JO-US-AGH-2,JO-73585-226
JO-US-AGH-2,JO-73585-509
JO-US-AGH-2,JO-73586-282
JO-US-AGH-2,JO-73586-523
JO-US-AGH-2,JO-73585-274
JO-US-AGH-2,JO-73585-515
JO-US-AGH-2,JO-73586-235
JO-US-AGH-2,JO-73586-518
JO-US-AGH-2,JO-73585-227
JO-US-AGH-2,JO-73585-510
JO-US-AGH-2,JO-73586-283
JO-US-AGH-2,JO-73586-524
JO-US-AGH-2,JO-73585-275
JO-US-AGH-2,JO-73585-516
JO-US-AGH-2,JO-73586-236
JO-US-AGH-2,JO-73586-519
JO-US-AGH-2,JO-73585-228
JO-US-AGH-2,JO-73585-511
JO-US-AGH-2,JO-73586-284
JO-US-AGH-2,JO-73586-525
JO-US-AGH-2,JO-73585-276
JO-US-AGH-2,JO-73585-517
JO-US-AGH-2,JO-73586-237
JO-US-AGH-2,JO-73586-520
JO-US-AGH-2,JO-73585-229
JO-US-AGH-2,JO-73585-512
JO-US-AGH-2,JO-73586-285
JO-US-AGH-2,JO-73586-526
JO-US-AGH-2,JO-73585-277
JO-US-AGH-2,JO-73585-518
JO-US-AGH-2,JO-73586-238
JO-US-AGH-2,JO-73586-521
JO-US-AGH-2,JO-73585-230
JO-US-AGH-2,JO-73585-513
JO-US-AGH-2,JO-73586-286
JO-US-AGH-2,JO-73586-527
JO-US-AGH-2,JO-73585-278
JO-US-AGH-2,JO-73585-519
JO-US-AGH-2,JO-73586-239
JO-US-AGH-2,JO-73586-522
JO-US-AGH-2,JO-73585-231
JO-US-AGH-2,JO-73585-514
JO-US-AGH-2,JO-73586-287
JO-US-AGH-2,JO-73586-528
JO-US-AGH-2,JO-73585-279
JO-US-AGH-2,JO-73585-520
JO-US-AGH-2,JO-73586-240
JO-US-AGH-2,JO-73586-216
JO-US-AGH-2,JO-73585-232
JO-US-AGH-2,JO-73585-208
JO-US-AGH-2,JO-73586-288
JO-US-AGH-2,JO-73586-264
JO-US-AGH-2,JO-73585-280
JO-US-AGH-2,JO-73585-256
JO-US-AGH-2,JO-73586-241
JO-US-AGH-2,JO-73586-217
JO-US-AGH-2,JO-73585-233
JO-US-AGH-2,JO-73585-209
JO-US-AGH-2,JO-73586-289
JO-US-AGH-2,JO-73586-265
JO-US-AGH-2,JO-73585-281
JO-US-AGH-2,JO-73585-257
JO-US-AGH-2,JO-73586-242
JO-US-AGH-2,JO-73586-218
JO-US-AGH-2,JO-73585-234
JO-US-AGH-2,JO-73585-210
JO-US-AGH-2,JO-73586-290
JO-US-AGH-2,JO-73586-266
JO-US-AGH-2,JO-73585-282
JO-US-AGH-2,JO-73585-258
JO-US-AGH-2,JO-73586-243
JO-US-AGH-2,JO-73586-219
JO-US-AGH-2,JO-73585-235
JO-US-AGH-2,JO-73585-211
JO-US-AGH-2,JO-73586-291
JO-US-AGH-2,JO-73586-267
JO-US-AGH-2,JO-73585-283
JO-US-AGH-2,JO-73585-259
JO-US-AGH-2,JO-73586-244
JO-US-AGH-2,JO-73586-220
JO-US-AGH-2,JO-73585-236
JO-US-AGH-2,JO-73585-212
JO-US-AGH-2,JO-73586-292
JO-US-AGH-2,JO-73586-268
JO-US-AGH-2,JO-73585-284
JO-US-AGH-2,JO-73585-260
JO-US-AGH-2,JO-73586-245
JO-US-AGH-2,JO-73586-221
JO-US-AGH-2,JO-73585-237
JO-US-AGH-2,JO-73585-213
JO-US-AGH-2,JO-73586-293
JO-US-AGH-2,JO-73586-269
JO-US-AGH-2,JO-73585-285
JO-US-AGH-2,JO-73585-261
JO-US-AGH-2,JO-73586-90
JO-US-AGH-2,JO-73586-535
JO-US-AGH-2,JO-73585-90
JO-US-AGH-2,JO-73585-527
JO-US-AGH-2,JO-73586-204
JO-US-AGH-2,JO-73586-547
JO-US-AGH-2,JO-73585-196
JO-US-AGH-2,JO-73585-539
JO-US-AGH-2,JO-73586-91
JO-US-AGH-2,JO-73586-536
JO-US-AGH-2,JO-73585-91
JO-US-AGH-2,JO-73585-528
JO-US-AGH-2,JO-73586-205
JO-US-AGH-2,JO-73586-548
JO-US-AGH-2,JO-73585-197
JO-US-AGH-2,JO-73585-540
JO-US-AGH-2,JO-73586-92
JO-US-AGH-2,JO-73586-537
JO-US-AGH-2,JO-73585-92
JO-US-AGH-2,JO-73585-529
JO-US-AGH-2,JO-73586-206
JO-US-AGH-2,JO-73586-549
JO-US-AGH-2,JO-73585-198
JO-US-AGH-2,JO-73585-541
JO-US-AGH-2,JO-73586-93
JO-US-AGH-2,JO-73586-538
JO-US-AGH-2,JO-73585-93
JO-US-AGH-2,JO-73585-530
JO-US-AGH-2,JO-73586-207
JO-US-AGH-2,JO-73586-550
JO-US-AGH-2,JO-73585-199
JO-US-AGH-2,JO-73585-542
JO-US-AGH-2,JO-73586-94
JO-US-AGH-2,JO-73586-539
JO-US-AGH-2,JO-73585-94
JO-US-AGH-2,JO-73585-531
JO-US-AGH-2,JO-73586-208
JO-US-AGH-2,JO-73586-551
JO-US-AGH-2,JO-73585-200
JO-US-AGH-2,JO-73585-543
JO-US-AGH-2,JO-73586-95
JO-US-AGH-2,JO-73586-540
JO-US-AGH-2,JO-73585-95
JO-US-AGH-2,JO-73585-532
JO-US-AGH-2,JO-73586-209
JO-US-AGH-2,JO-73586-552
JO-US-AGH-2,JO-73585-201
JO-US-AGH-2,JO-73585-544
JO-US-AGH-2,JO-73586-78
JO-US-AGH-2,JO-73586-308
JO-US-AGH-2,JO-73585-78
JO-US-AGH-2,JO-73585-300
JO-US-AGH-2,JO-73586-192
JO-US-AGH-2,JO-73586-320
JO-US-AGH-2,JO-73585-184
JO-US-AGH-2,JO-73585-312
JO-US-AGH-2,JO-73586-79
JO-US-AGH-2,JO-73586-309
JO-US-AGH-2,JO-73585-79
JO-US-AGH-2,JO-73585-301
JO-US-AGH-2,JO-73586-193
JO-US-AGH-2,JO-73586-321
JO-US-AGH-2,JO-73585-185
JO-US-AGH-2,JO-73585-313
JO-US-AGH-2,JO-73586-80
JO-US-AGH-2,JO-73586-310
JO-US-AGH-2,JO-73585-80
JO-US-AGH-2,JO-73585-302
JO-US-AGH-2,JO-73586-194
JO-US-AGH-2,JO-73586-322
JO-US-AGH-2,JO-73585-186
JO-US-AGH-2,JO-73585-314
JO-US-AGH-2,JO-73586-81
JO-US-AGH-2,JO-73586-311
JO-US-AGH-2,JO-73585-81
JO-US-AGH-2,JO-73585-303
JO-US-AGH-2,JO-73586-195
JO-US-AGH-2,JO-73586-323
JO-US-AGH-2,JO-73585-187
JO-US-AGH-2,JO-73585-315
JO-US-AGH-2,JO-73586-82
JO-US-AGH-2,JO-73586-312
JO-US-AGH-2,JO-73585-82
JO-US-AGH-2,JO-73585-304
JO-US-AGH-2,JO-73586-196
JO-US-AGH-2,JO-73586-324
JO-US-AGH-2,JO-73585-188
JO-US-AGH-2,JO-73585-316
JO-US-AGH-2,JO-73586-83
JO-US-AGH-2,JO-73586-313
JO-US-AGH-2,JO-73585-83
JO-US-AGH-2,JO-73585-305
JO-US-AGH-2,JO-73586-197
JO-US-AGH-2,JO-73586-325
JO-US-AGH-2,JO-73585-189
JO-US-AGH-2,JO-73585-317
JO-US-AGH-2,JO-73586-463
JO-US-AGH-2,JO-73586-571
JO-US-AGH-2,JO-73585-455
JO-US-AGH-2,JO-73585-563
JO-US-AGH-2,JO-73586-475
JO-US-AGH-2,JO-73586-583
JO-US-AGH-2,JO-73585-467
JO-US-AGH-2,JO-73585-575
JO-US-AGH-2,JO-73586-464
JO-US-AGH-2,JO-73586-572
JO-US-AGH-2,JO-73585-456
JO-US-AGH-2,JO-73585-564
JO-US-AGH-2,JO-73586-476
JO-US-AGH-2,JO-73586-584
JO-US-AGH-2,JO-73585-468
JO-US-AGH-2,JO-73585-576
JO-US-AGH-2,JO-73586-465
JO-US-AGH-2,JO-73586-573
JO-US-AGH-2,JO-73585-457
JO-US-AGH-2,JO-73585-565
JO-US-AGH-2,JO-73586-477
JO-US-AGH-2,JO-73586-585
JO-US-AGH-2,JO-73585-469
JO-US-AGH-2,JO-73585-577
JO-US-AGH-2,JO-73586-466
JO-US-AGH-2,JO-73586-574
JO-US-AGH-2,JO-73585-458
JO-US-AGH-2,JO-73585-566
JO-US-AGH-2,JO-73586-478
JO-US-AGH-2,JO-73586-586
JO-US-AGH-2,JO-73585-470
JO-US-AGH-2,JO-73585-578
JO-US-AGH-2,JO-73586-467
JO-US-AGH-2,JO-73586-575
JO-US-AGH-2,JO-73585-459
JO-US-AGH-2,JO-73585-567
JO-US-AGH-2,JO-73586-479
JO-US-AGH-2,JO-73586-587
JO-US-AGH-2,JO-73585-471
JO-US-AGH-2,JO-73585-579
JO-US-AGH-2,JO-73586-468
JO-US-AGH-2,JO-73586-576
JO-US-AGH-2,JO-73585-460
JO-US-AGH-2,JO-73585-568
JO-US-AGH-2,JO-73586-480
JO-US-AGH-2,JO-73586-588
JO-US-AGH-2,JO-73585-472
JO-US-AGH-2,JO-73585-580
JO-US-AGH-2,JO-73586-18
JO-US-AGH-2,JO-73586-06
JO-US-AGH-2,JO-73585-18
JO-US-AGH-2,JO-73585-06
JO-US-AGH-2,JO-73586-132
JO-US-AGH-2,JO-73586-120
JO-US-AGH-2,JO-73585-124
JO-US-AGH-2,JO-73585-112
JO-US-AGH-2,JO-73586-19
JO-US-AGH-2,JO-73586-07
JO-US-AGH-2,JO-73585-19
JO-US-AGH-2,JO-73585-07
JO-US-AGH-2,JO-73586-133
JO-US-AGH-2,JO-73586-121
JO-US-AGH-2,JO-73585-125
JO-US-AGH-2,JO-73585-113
JO-US-AGH-2,JO-73586-20
JO-US-AGH-2,JO-73586-08
JO-US-AGH-2,JO-73585-20
JO-US-AGH-2,JO-73585-08
JO-US-AGH-2,JO-73586-134
JO-US-AGH-2,JO-73586-122
JO-US-AGH-2,JO-73585-126
JO-US-AGH-2,JO-73585-114
JO-US-AGH-2,JO-73586-21
JO-US-AGH-2,JO-73586-09
JO-US-AGH-2,JO-73585-21
JO-US-AGH-2,JO-73585-09
JO-US-AGH-2,JO-73586-135
JO-US-AGH-2,JO-73586-123
JO-US-AGH-2,JO-73585-127
JO-US-AGH-2,JO-73585-115
JO-US-AGH-2,JO-73586-22
JO-US-AGH-2,JO-73586-10
JO-US-AGH-2,JO-73585-22
JO-US-AGH-2,JO-73585-10
JO-US-AGH-2,JO-73586-136
JO-US-AGH-2,JO-73586-124
JO-US-AGH-2,JO-73585-128
JO-US-AGH-2,JO-73585-116
JO-US-AGH-2,JO-73586-23
JO-US-AGH-2,JO-73586-11
JO-US-AGH-2,JO-73585-23
JO-US-AGH-2,JO-73585-11
JO-US-AGH-2,JO-73586-137
JO-US-AGH-2,JO-73586-125
JO-US-AGH-2,JO-73585-129
JO-US-AGH-2,JO-73585-117
JO-US-AGH-2,JO-73586-42
JO-US-AGH-2,JO-73586-499
JO-US-AGH-2,JO-73585-42
JO-US-AGH-2,JO-73585-491
JO-US-AGH-2,JO-73586-156
JO-US-AGH-2,JO-73586-511
JO-US-AGH-2,JO-73585-148
JO-US-AGH-2,JO-73585-503
JO-US-AGH-2,JO-73586-43
JO-US-AGH-2,JO-73586-500
JO-US-AGH-2,JO-73585-43
JO-US-AGH-2,JO-73585-492
JO-US-AGH-2,JO-73586-157
JO-US-AGH-2,JO-73586-512
JO-US-AGH-2,JO-73585-149
JO-US-AGH-2,JO-73585-504
JO-US-AGH-2,JO-73586-44
JO-US-AGH-2,JO-73586-501
JO-US-AGH-2,JO-73585-44
JO-US-AGH-2,JO-73585-493
JO-US-AGH-2,JO-73586-158
JO-US-AGH-2,JO-73586-513
JO-US-AGH-2,JO-73585-150
JO-US-AGH-2,JO-73585-505
JO-US-AGH-2,JO-73586-45
JO-US-AGH-2,JO-73586-502
JO-US-AGH-2,JO-73585-45
JO-US-AGH-2,JO-73585-494
JO-US-AGH-2,JO-73586-159
JO-US-AGH-2,JO-73586-514
JO-US-AGH-2,JO-73585-151
JO-US-AGH-2,JO-73585-506
JO-US-AGH-2,JO-73586-46
JO-US-AGH-2,JO-73586-503
JO-US-AGH-2,JO-73585-46
JO-US-AGH-2,JO-73585-495
JO-US-AGH-2,JO-73586-160
JO-US-AGH-2,JO-73586-515
JO-US-AGH-2,JO-73585-152
JO-US-AGH-2,JO-73585-507
JO-US-AGH-2,JO-73586-47
JO-US-AGH-2,JO-73586-504
JO-US-AGH-2,JO-73585-47
JO-US-AGH-2,JO-73585-496
JO-US-AGH-2,JO-73586-161
JO-US-AGH-2,JO-73586-516
JO-US-AGH-2,JO-73585-153
JO-US-AGH-2,JO-73585-508
JO-US-AGH-2,JO-73586-66
JO-US-AGH-2,JO-73586-54
JO-US-AGH-2,JO-73585-66
JO-US-AGH-2,JO-73585-54
JO-US-AGH-2,JO-73586-180
JO-US-AGH-2,JO-73586-168
JO-US-AGH-2,JO-73585-172
JO-US-AGH-2,JO-73585-160
JO-US-AGH-2,JO-73586-67
JO-US-AGH-2,JO-73586-55
JO-US-AGH-2,JO-73585-67
JO-US-AGH-2,JO-73585-55
JO-US-AGH-2,JO-73586-181
JO-US-AGH-2,JO-73586-169
JO-US-AGH-2,JO-73585-173
JO-US-AGH-2,JO-73585-161
JO-US-AGH-2,JO-73586-68
JO-US-AGH-2,JO-73586-56
JO-US-AGH-2,JO-73585-68
JO-US-AGH-2,JO-73585-56
JO-US-AGH-2,JO-73586-182
JO-US-AGH-2,JO-73586-170
JO-US-AGH-2,JO-73585-174
JO-US-AGH-2,JO-73585-162
JO-US-AGH-2,JO-73586-69
JO-US-AGH-2,JO-73586-57
JO-US-AGH-2,JO-73585-69
JO-US-AGH-2,JO-73585-57
JO-US-AGH-2,JO-73586-183
JO-US-AGH-2,JO-73586-171
JO-US-AGH-2,JO-73585-175
JO-US-AGH-2,JO-73585-163
JO-US-AGH-2,JO-73586-70
JO-US-AGH-2,JO-73586-58
JO-US-AGH-2,JO-73585-70
JO-US-AGH-2,JO-73585-58
JO-US-AGH-2,JO-73586-184
JO-US-AGH-2,JO-73586-172
JO-US-AGH-2,JO-73585-176
JO-US-AGH-2,JO-73585-164
JO-US-AGH-2,JO-73586-71
JO-US-AGH-2,JO-73586-59
JO-US-AGH-2,JO-73585-71
JO-US-AGH-2,JO-73585-59
JO-US-AGH-2,JO-73586-185
JO-US-AGH-2,JO-73586-173
JO-US-AGH-2,JO-73585-177
JO-US-AGH-2,JO-73585-165
JO-US-AGH-2,JO-73586-637
JO-US-AGH-2,JO-73586-726
JO-US-AGH-2,JO-73585-629
JO-US-AGH-2,JO-73585-718
JO-US-AGH-2,JO-73586-679
JO-US-AGH-2,JO-73586-732
JO-US-AGH-2,JO-73585-671
JO-US-AGH-2,JO-73585-724
JO-US-AGH-2,JO-73586-638
JO-US-AGH-2,JO-73586-727
JO-US-AGH-2,JO-73585-630
JO-US-AGH-2,JO-73585-719
JO-US-AGH-2,JO-73586-680
JO-US-AGH-2,JO-73586-733
JO-US-AGH-2,JO-73585-672
JO-US-AGH-2,JO-73585-725
JO-US-AGH-2,JO-73586-639
JO-US-AGH-2,JO-73586-728
JO-US-AGH-2,JO-73585-631
JO-US-AGH-2,JO-73585-720
JO-US-AGH-2,JO-73586-681
JO-US-AGH-2,JO-73586-734
JO-US-AGH-2,JO-73585-673
JO-US-AGH-2,JO-73585-726
JO-US-AGH-2,JO-73586-640
JO-US-AGH-2,JO-73586-729
JO-US-AGH-2,JO-73585-632
JO-US-AGH-2,JO-73585-721
JO-US-AGH-2,JO-73586-682
JO-US-AGH-2,JO-73586-735
JO-US-AGH-2,JO-73585-674
JO-US-AGH-2,JO-73585-727
JO-US-AGH-2,JO-73586-641
JO-US-AGH-2,JO-73586-730
JO-US-AGH-2,JO-73585-633
JO-US-AGH-2,JO-73585-722
JO-US-AGH-2,JO-73586-683
JO-US-AGH-2,JO-73586-736
JO-US-AGH-2,JO-73585-675
JO-US-AGH-2,JO-73585-728
JO-US-AGH-2,JO-73586-642
JO-US-AGH-2,JO-73586-731
JO-US-AGH-2,JO-73585-634
JO-US-AGH-2,JO-73585-723
JO-US-AGH-2,JO-73586-684
JO-US-AGH-2,JO-73586-737
JO-US-AGH-2,JO-73585-676
JO-US-AGH-2,JO-73585-729
JO-US-AGH-2,JO-73586-631
JO-US-AGH-2,JO-73586-685
JO-US-AGH-2,JO-73585-623
JO-US-AGH-2,JO-73585-677
JO-US-AGH-2,JO-73586-673
JO-US-AGH-2,JO-73586-691
JO-US-AGH-2,JO-73585-665
JO-US-AGH-2,JO-73585-683
JO-US-AGH-2,JO-73586-632
JO-US-AGH-2,JO-73586-686
JO-US-AGH-2,JO-73585-624
JO-US-AGH-2,JO-73585-678
JO-US-AGH-2,JO-73586-674
JO-US-AGH-2,JO-73586-692
JO-US-AGH-2,JO-73585-666
JO-US-AGH-2,JO-73585-684
JO-US-AGH-2,JO-73586-633
JO-US-AGH-2,JO-73586-687
JO-US-AGH-2,JO-73585-625
JO-US-AGH-2,JO-73585-679
JO-US-AGH-2,JO-73586-675
JO-US-AGH-2,JO-73586-693
JO-US-AGH-2,JO-73585-667
JO-US-AGH-2,JO-73585-685
JO-US-AGH-2,JO-73586-634
JO-US-AGH-2,JO-73586-688
JO-US-AGH-2,JO-73585-626
JO-US-AGH-2,JO-73585-680
JO-US-AGH-2,JO-73586-676
JO-US-AGH-2,JO-73586-694
JO-US-AGH-2,JO-73585-668
JO-US-AGH-2,JO-73585-686
JO-US-AGH-2,JO-73586-635
JO-US-AGH-2,JO-73586-689
JO-US-AGH-2,JO-73585-627
JO-US-AGH-2,JO-73585-681
JO-US-AGH-2,JO-73586-677
JO-US-AGH-2,JO-73586-695
JO-US-AGH-2,JO-73585-669
JO-US-AGH-2,JO-73585-687
JO-US-AGH-2,JO-73586-636
JO-US-AGH-2,JO-73586-690
JO-US-AGH-2,JO-73585-628
JO-US-AGH-2,JO-73585-682
JO-US-AGH-2,JO-73586-678
JO-US-AGH-2,JO-73586-696
JO-US-AGH-2,JO-73585-670
JO-US-AGH-2,JO-73585-688
JO-US-AGH-2,JO-73586-702
JO-US-AGH-2,JO-73586-738
JO-US-AGH-2,JO-73585-694
JO-US-AGH-2,JO-73585-730
JO-US-AGH-2,JO-73586-708
JO-US-AGH-2,JO-73586-744
JO-US-AGH-2,JO-73585-700
JO-US-AGH-2,JO-73585-736
JO-US-AGH-2,JO-73586-703
JO-US-AGH-2,JO-73586-739
JO-US-AGH-2,JO-73585-695
JO-US-AGH-2,JO-73585-731
JO-US-AGH-2,JO-73586-709
JO-US-AGH-2,JO-73586-745
JO-US-AGH-2,JO-73585-701
JO-US-AGH-2,JO-73585-737
JO-US-AGH-2,JO-73586-704
JO-US-AGH-2,JO-73586-740
JO-US-AGH-2,JO-73585-696
JO-US-AGH-2,JO-73585-732
JO-US-AGH-2,JO-73586-710
JO-US-AGH-2,JO-73586-746
JO-US-AGH-2,JO-73585-702
JO-US-AGH-2,JO-73585-738
JO-US-AGH-2,JO-73586-705
JO-US-AGH-2,JO-73586-741
JO-US-AGH-2,JO-73585-697
JO-US-AGH-2,JO-73585-733
JO-US-AGH-2,JO-73586-711
JO-US-AGH-2,JO-73586-747
JO-US-AGH-2,JO-73585-703
JO-US-AGH-2,JO-73585-739
JO-US-AGH-2,JO-73586-706
JO-US-AGH-2,JO-73586-742
JO-US-AGH-2,JO-73585-698
JO-US-AGH-2,JO-73585-734
JO-US-AGH-2,JO-73586-712
JO-US-AGH-2,JO-73586-748
JO-US-AGH-2,JO-73585-704
JO-US-AGH-2,JO-73585-740
JO-US-AGH-2,JO-73586-707
JO-US-AGH-2,JO-73586-743
JO-US-AGH-2,JO-73585-699
JO-US-AGH-2,JO-73585-735
JO-US-AGH-2,JO-73586-713
JO-US-AGH-2,JO-73586-749
JO-US-AGH-2,JO-73585-705
JO-US-AGH-2,JO-73585-741
JO-US-AGH-2,JO-73586-613
JO-US-AGH-2,JO-73586-601
JO-US-AGH-2,JO-73585-605
JO-US-AGH-2,JO-73585-593
JO-US-AGH-2,JO-73586-655
JO-US-AGH-2,JO-73586-643
JO-US-AGH-2,JO-73585-647
JO-US-AGH-2,JO-73585-635
JO-US-AGH-2,JO-73586-614
JO-US-AGH-2,JO-73586-602
JO-US-AGH-2,JO-73585-606
JO-US-AGH-2,JO-73585-594
JO-US-AGH-2,JO-73586-656
JO-US-AGH-2,JO-73586-644
JO-US-AGH-2,JO-73585-648
JO-US-AGH-2,JO-73585-636
JO-US-AGH-2,JO-73586-615
JO-US-AGH-2,JO-73586-603
JO-US-AGH-2,JO-73585-607
JO-US-AGH-2,JO-73585-595
JO-US-AGH-2,JO-73586-657
JO-US-AGH-2,JO-73586-645
JO-US-AGH-2,JO-73585-649
JO-US-AGH-2,JO-73585-637
JO-US-AGH-2,JO-73586-616
JO-US-AGH-2,JO-73586-604
JO-US-AGH-2,JO-73585-608
JO-US-AGH-2,JO-73585-596
JO-US-AGH-2,JO-73586-658
JO-US-AGH-2,JO-73586-646
JO-US-AGH-2,JO-73585-650
JO-US-AGH-2,JO-73585-638
JO-US-AGH-2,JO-73586-617
JO-US-AGH-2,JO-73586-605
JO-US-AGH-2,JO-73585-609
JO-US-AGH-2,JO-73585-597
JO-US-AGH-2,JO-73586-659
JO-US-AGH-2,JO-73586-647
JO-US-AGH-2,JO-73585-651
JO-US-AGH-2,JO-73585-639
JO-US-AGH-2,JO-73586-618
JO-US-AGH-2,JO-73586-606
JO-US-AGH-2,JO-73585-610
JO-US-AGH-2,JO-73585-598
JO-US-AGH-2,JO-73586-660
JO-US-AGH-2,JO-73586-648
JO-US-AGH-2,JO-73585-652
JO-US-AGH-2,JO-73585-640
JO-US-AGH-2,JO-73586-619
JO-US-AGH-2,JO-73586-714
JO-US-AGH-2,JO-73585-611
JO-US-AGH-2,JO-73585-706
JO-US-AGH-2,JO-73586-661
JO-US-AGH-2,JO-73586-720
JO-US-AGH-2,JO-73585-653
JO-US-AGH-2,JO-73585-712
JO-US-AGH-2,JO-73586-620
JO-US-AGH-2,JO-73586-715
JO-US-AGH-2,JO-73585-612
JO-US-AGH-2,JO-73585-707
JO-US-AGH-2,JO-73586-662
JO-US-AGH-2,JO-73586-721
JO-US-AGH-2,JO-73585-654
JO-US-AGH-2,JO-73585-713
JO-US-AGH-2,JO-73586-621
JO-US-AGH-2,JO-73586-716
JO-US-AGH-2,JO-73585-613
JO-US-AGH-2,JO-73585-708
JO-US-AGH-2,JO-73586-663
JO-US-AGH-2,JO-73586-722
JO-US-AGH-2,JO-73585-655
JO-US-AGH-2,JO-73585-714
JO-US-AGH-2,JO-73586-622
JO-US-AGH-2,JO-73586-717
JO-US-AGH-2,JO-73585-614
JO-US-AGH-2,JO-73585-709
JO-US-AGH-2,JO-73586-664
JO-US-AGH-2,JO-73586-723
JO-US-AGH-2,JO-73585-656
JO-US-AGH-2,JO-73585-715
JO-US-AGH-2,JO-73586-623
JO-US-AGH-2,JO-73586-718
JO-US-AGH-2,JO-73585-615
JO-US-AGH-2,JO-73585-710
JO-US-AGH-2,JO-73586-665
JO-US-AGH-2,JO-73586-724
JO-US-AGH-2,JO-73585-657
JO-US-AGH-2,JO-73585-716
JO-US-AGH-2,JO-73586-624
JO-US-AGH-2,JO-73586-719
JO-US-AGH-2,JO-73585-616
JO-US-AGH-2,JO-73585-711
JO-US-AGH-2,JO-73586-666
JO-US-AGH-2,JO-73586-725
JO-US-AGH-2,JO-73585-658
JO-US-AGH-2,JO-73585-717
JO-US-AGH-2,JO-73586-625
JO-US-AGH-2,JO-73586-607
JO-US-AGH-2,JO-73585-617
JO-US-AGH-2,JO-73585-599
JO-US-AGH-2,JO-73586-667
JO-US-AGH-2,JO-73586-649
JO-US-AGH-2,JO-73585-659
JO-US-AGH-2,JO-73585-641
JO-US-AGH-2,JO-73586-626
JO-US-AGH-2,JO-73586-608
JO-US-AGH-2,JO-73585-618
JO-US-AGH-2,JO-73585-600
JO-US-AGH-2,JO-73586-668
JO-US-AGH-2,JO-73586-650
JO-US-AGH-2,JO-73585-660
JO-US-AGH-2,JO-73585-642
JO-US-AGH-2,JO-73586-627
JO-US-AGH-2,JO-73586-609
JO-US-AGH-2,JO-73585-619
JO-US-AGH-2,JO-73585-601
JO-US-AGH-2,JO-73586-669
JO-US-AGH-2,JO-73586-651
JO-US-AGH-2,JO-73585-661
JO-US-AGH-2,JO-73585-643
JO-US-AGH-2,JO-73586-628
JO-US-AGH-2,JO-73586-610
JO-US-AGH-2,JO-73585-620
JO-US-AGH-2,JO-73585-602
JO-US-AGH-2,JO-73586-670
JO-US-AGH-2,JO-73586-652
JO-US-AGH-2,JO-73585-662
JO-US-AGH-2,JO-73585-644
JO-US-AGH-2,JO-73586-629
JO-US-AGH-2,JO-73586-611
JO-US-AGH-2,JO-73585-621
JO-US-AGH-2,JO-73585-603
JO-US-AGH-2,JO-73586-671
JO-US-AGH-2,JO-73586-653
JO-US-AGH-2,JO-73585-663
JO-US-AGH-2,JO-73585-645
JO-US-AGH-2,JO-73586-630
JO-US-AGH-2,JO-73586-612
JO-US-AGH-2,JO-73585-622
JO-US-AGH-2,JO-73585-604
JO-US-AGH-2,JO-73586-672
JO-US-AGH-2,JO-73586-654
JO-US-AGH-2,JO-73585-664
JO-US-AGH-2,JO-73585-646
JO-US-AGH-2,JO-73586-1542
JO-US-AGH-2,JO-73586-1554
JO-US-AGH-2,JO-73585-1534
JO-US-AGH-2,JO-73585-1546
JO-US-AGH-2,JO-73586-1548
JO-US-AGH-2,JO-73586-1560
JO-US-AGH-2,JO-73585-1540
JO-US-AGH-2,JO-73585-1552
JO-US-AGH-2,JO-73586-1543
JO-US-AGH-2,JO-73586-1555
JO-US-AGH-2,JO-73585-1535
JO-US-AGH-2,JO-73585-1547
JO-US-AGH-2,JO-73586-1549
JO-US-AGH-2,JO-73586-1561
JO-US-AGH-2,JO-73585-1541
JO-US-AGH-2,JO-73585-1553
JO-US-AGH-2,JO-73586-1544
JO-US-AGH-2,JO-73586-1556
JO-US-AGH-2,JO-73585-1536
JO-US-AGH-2,JO-73585-1548
JO-US-AGH-2,JO-73586-1550
JO-US-AGH-2,JO-73586-1562
JO-US-AGH-2,JO-73585-1542
JO-US-AGH-2,JO-73585-1554
JO-US-AGH-2,JO-73586-1545
JO-US-AGH-2,JO-73586-1557
JO-US-AGH-2,JO-73585-1537
JO-US-AGH-2,JO-73585-1549
JO-US-AGH-2,JO-73586-1551
JO-US-AGH-2,JO-73586-1563
JO-US-AGH-2,JO-73585-1543
JO-US-AGH-2,JO-73585-1555
JO-US-AGH-2,JO-73586-1546
JO-US-AGH-2,JO-73586-1558
JO-US-AGH-2,JO-73585-1538
JO-US-AGH-2,JO-73585-1550
JO-US-AGH-2,JO-73586-1552
JO-US-AGH-2,JO-73586-1564
JO-US-AGH-2,JO-73585-1544
JO-US-AGH-2,JO-73585-1556
JO-US-AGH-2,JO-73586-1547
JO-US-AGH-2,JO-73586-1559
JO-US-AGH-2,JO-73585-1539
JO-US-AGH-2,JO-73585-1551
JO-US-AGH-2,JO-73586-1553
JO-US-AGH-2,JO-73586-1565
JO-US-AGH-2,JO-73585-1545
JO-US-AGH-2,JO-73585-1557
JO-US-AGH-2,JO-73586-1458
JO-US-AGH-2,JO-73586-1470
JO-US-AGH-2,JO-73585-1450
JO-US-AGH-2,JO-73585-1462
JO-US-AGH-2,JO-73586-1464
JO-US-AGH-2,JO-73586-1476
JO-US-AGH-2,JO-73585-1456
JO-US-AGH-2,JO-73585-1468
JO-US-AGH-2,JO-73586-1459
JO-US-AGH-2,JO-73586-1471
JO-US-AGH-2,JO-73585-1451
JO-US-AGH-2,JO-73585-1463
JO-US-AGH-2,JO-73586-1465
JO-US-AGH-2,JO-73586-1477
JO-US-AGH-2,JO-73585-1457
JO-US-AGH-2,JO-73585-1469
JO-US-AGH-2,JO-73586-1460
JO-US-AGH-2,JO-73586-1472
JO-US-AGH-2,JO-73585-1452
JO-US-AGH-2,JO-73585-1464
JO-US-AGH-2,JO-73586-1466
JO-US-AGH-2,JO-73586-1478
JO-US-AGH-2,JO-73585-1458
JO-US-AGH-2,JO-73585-1470
JO-US-AGH-2,JO-73586-1461
JO-US-AGH-2,JO-73586-1473
JO-US-AGH-2,JO-73585-1453
JO-US-AGH-2,JO-73585-1465
JO-US-AGH-2,JO-73586-1467
JO-US-AGH-2,JO-73586-1479
JO-US-AGH-2,JO-73585-1459
JO-US-AGH-2,JO-73585-1471
JO-US-AGH-2,JO-73586-1462
JO-US-AGH-2,JO-73586-1474
JO-US-AGH-2,JO-73585-1454
JO-US-AGH-2,JO-73585-1466
JO-US-AGH-2,JO-73586-1468
JO-US-AGH-2,JO-73586-1480
JO-US-AGH-2,JO-73585-1460
JO-US-AGH-2,JO-73585-1472
JO-US-AGH-2,JO-73586-1463
JO-US-AGH-2,JO-73586-1475
JO-US-AGH-2,JO-73585-1455
JO-US-AGH-2,JO-73585-1467
JO-US-AGH-2,JO-73586-1469
JO-US-AGH-2,JO-73586-1481
JO-US-AGH-2,JO-73585-1461
JO-US-AGH-2,JO-73585-1473
